ID,gpt_4_generated_summaries,gpt_4_tags
0,,"""O O O O O O O O O O O O O O O O O O O O O"""
1,,"""O O O O O O O O O O O O O O O O"""
2,,"""O O O O O O O O O O O O O O O O O O O"""
3,,"""O O O O O O O O O O O O O O O O O O O O O"""
4,,"""O O O O O O O O O O O O O O O O O O O O O"""
5,,"""O O O O O O O O O O O O O O O O"""
6,,"""O O O O O O O O O O O O O O O O O O O O O O O O O"""
7,,"""O O O O O O O O O O O O O O O O O O O O O O O O O"""
8,,"""O O O O O O O O O O O O O O O O O O O O O O O O O"""
9,,"""O O O O O O O O O O O O O O O O O O O O O"""
